x1,x2,x3,x4,x5
8.73964644972967,7.105336649907313,8.577325794646113,8.869812907492147,4.983674352200889
6.148600347626747,4.176535013626296,6.91413101145789,4.658935457002932,3.260241167819749
9.90087921129339,4.780479001873256,5.708618960410119,-6.036863644772098,-2.8076542138917797
9.599986733106842,5.086709404499965,5.058943248312378,-8.268464794407862,-2.428084879817152
8.412442716351064,7.320182175939868,8.447030869386161,8.04624484497004,4.8185781285438685
7.762649467374143,4.485242141700705,8.153162576872404,-11.313100635164972,-4.447563663161507
7.512842711777459,3.645565753688963,6.200598915527244,-6.914410067375344,-2.8649667904545435
10.25426582327035,5.3885074674983695,8.377954665172684,-10.724778073614878,-1.6565754599894422
10.042813103784566,8.23194276191204,10.073401957545917,8.997444407271972,5.4100969150871885
10.162758713622996,6.6027508695129,6.865245621155564,-7.803706769172642,0.546019244548027
9.38723214666393,5.061093690183103,8.001809081264419,7.19013467719946,4.04879628758771
7.548736546837573,4.939582459467309,7.097676808246499,7.456504728439961,3.634993571219118
9.398845071620537,5.432087874435814,3.575319384467349,-6.467048927210875,2.418079608370697
9.743661408238347,4.388074943541995,8.201154570251534,-8.395524545041315,-3.6543308144565354
10.077592843788322,4.887400337660085,2.606201927219084,-7.838589549658972,-0.2036988280637359
8.103937475661418,8.322864684848074,8.788316912035462,7.756596220144632,6.390621692354225
9.1911749294152,5.862493685790292,9.110069611322322,7.435287939935067,5.849769779079413
10.3563440438016,8.773683619567487,10.570744687159056,10.438355805139183,8.85448334064758
9.419489042319997,5.030259119651396,5.948568618404944,-6.682761668520096,1.7759720217892243
8.872461127077143,6.992467348539928,9.905281369550202,9.098349362033066,6.282031843868521
10.643896370356623,5.022388222754781,2.6672054957172957,-6.4973938406780745,-2.572099713529742
8.923495211589037,5.2956182662159685,4.975943288734626,-7.722093720747008,-1.6435245685123898
10.752362318287256,6.0307376466232885,7.9135538413897795,-5.325277540471234,3.4958285134573224
10.405579666958683,5.850257388946754,4.9210661105870335,-8.796343436584708,-0.6265564244175159
10.587624960790748,4.855259726273509,5.529319343968506,-6.589660936646732,5.535071741655962
8.796152646542751,3.3188156838099383,6.685032556881591,-7.337137736299563,-1.538405680885595
8.355070945885615,6.674118234818127,8.833651862026706,7.065570311378076,4.450171587246742
11.120254403172265,9.068819729785805,11.88403915574554,9.360104894871505,7.959950032473667
8.211232145299569,6.424204230675768,4.83117842681485,-10.530177834660726,-2.1384035795231235
9.28092395814424,3.885617168991844,4.706899085991092,-7.465329526039449,-1.9136036527910028
8.394903153132923,6.341865968831824,8.844062351837264,8.461034257752296,4.1268281644642215
10.280919154651722,4.4146208230303285,6.435260886878456,-9.188175738162498,-6.274170193913512
9.919101657501615,8.27926381704894,9.2597710067366,9.680368848518018,6.313899457967006
10.280419479261422,7.971119902072581,12.507077761306425,9.832651696746682,7.737652559857914
10.419475765734802,4.75571097311088,7.716516763077778,-5.413510673153583,1.60168994238787
9.592077011428657,8.451235069258002,10.865144309912372,9.283664808099347,5.76103503111554
8.824189807126283,5.9599954263887485,6.334128711589166,-2.1353466134386085,0.7842863099991739
7.730752032696831,6.96348358658198,9.622918266373118,7.511226718167417,5.275163291463206
11.030921234280248,7.963280371614151,9.918709830300172,8.753565636303824,7.320867329418002
9.42447569299377,4.927792727906191,8.301467806873674,-7.377688342124677,-0.0746399026965197
9.530723268586506,7.490905729403753,7.248998390253538,-6.4417182838456215,-1.4691941844089884
7.363794401994583,5.534453549994179,8.41537809307059,6.430636020799789,4.371016310703161
9.91127198781328,9.52957068720197,9.885939473056878,9.58962247803331,6.1470532318183935
8.649218984162992,6.316040566148599,9.018932690908484,7.80876046111957,4.723127827921042
11.434654743990407,6.727562751890392,5.945974408886316,-7.354972982353454,1.5278641359352427
8.39046669005597,7.536703835096095,9.05313289145955,8.96616807695634,5.846255932077896
9.90988155498988,8.168882995606404,9.532897194175948,9.923542811789538,7.481416727330014
8.646403451344414,7.915179726131407,9.204064554162285,8.76965718979058,5.9066838841455045
8.855446100072843,4.730275829396427,6.189262942075595,-5.759195775478968,1.5255362272498862
9.352360922136006,5.123083631581953,5.436122217766133,-7.933557982742635,-2.5698866886267155
8.856036622239666,6.260532549074455,8.774388909922752,9.239628606335373,5.540025835436895
9.945097973394091,5.428075657214812,5.6673293460028,-8.462402746688488,-0.8861971288391985
7.733070158621641,3.506064491747218,4.437332010252378,-7.470162355896657,-3.596247494851112
9.505135110547844,5.6505845470527065,6.83370624863534,-5.7245495952376375,0.8791754631201703
7.669500394417877,7.356255200284737,10.313955975251853,8.980502421146506,6.511638581860657
8.52950094913903,3.9802843116758977,6.772778641432195,-8.871004267457833,-3.333036874077253
8.27780862941355,8.39637387768326,10.569874669488762,8.28823944141362,6.632394485290453
8.668833758797067,7.850074551928162,9.203446330895176,9.190023418351046,5.456960845738567
7.085220471201952,2.769845390301395,5.920686629780563,-7.869503264078712,-2.6377035012381778
9.391636290203516,2.651970611583147,5.906694542151308,-4.347985461494735,-1.2181296799846062
8.67384422794133,7.918545546698128,11.032728909425275,8.824531698875662,6.236574096507856
8.59841188748004,2.931813536795425,6.827255452515411,-8.660554630521386,-4.80873861672546
9.942197715311954,6.476925214140911,5.799407367833544,-9.969062397205752,-5.195645989692017
9.36002793383919,7.71454798670102,10.0389143732863,8.845866466734764,7.266173587863323
9.579406420227077,5.935629922050752,5.407922907847573,-8.57902101653275,-2.188800783878292
8.695491711220944,5.725956535245621,3.873216377989305,-6.413342334826511,3.173887184590754
10.479744493367113,3.9344215974397874,6.2369953559462905,-9.01637598708411,-2.0360370428978083
7.47688520407938,6.095829530201606,7.684778301880902,7.13048655296968,4.504388696243929
8.91580063560972,5.39620788493645,9.36531897809246,7.880764234979333,5.002284321167483
8.743702136108,5.834507771717541,7.0935527167512245,8.185881652209154,3.6269430906156384
8.659612979716306,4.418640028828163,3.0504899560709027,-9.430145927730669,1.777293603840869
11.098016294790428,9.797466705170214,11.647992516305631,11.012915086044329,8.237327321530842
9.290850594717655,4.669349840389405,3.095192048180403,-4.94121574222544,-0.3238504712594148
10.33212671018363,9.131734324868454,12.661370479548443,10.665551042474446,7.1501650562932335
9.540022066975322,8.423898515041458,8.900659823616001,9.192386123064605,5.128092606335303
9.326774055464597,4.147047291299853,2.6233801270131374,-8.181296066706917,-0.7080073054504604
8.156455285689185,6.912258054273161,8.296082134969497,7.064589897024636,5.187742209372328
9.532389862867904,5.989215434579411,5.481487390356364,-8.793370218845997,-2.236590219241904
8.83822804761014,4.723085693523937,2.7862282347442617,-10.342758843070303,-2.093905908628507
7.801866582660931,5.437349785696572,8.337568303362001,7.440704500978914,4.947510391907685
10.339606757046132,4.258258521096053,7.604077671243932,-10.9374569008139,-0.2431822719694459
10.13525727079954,6.395831846710075,5.168948763970382,-8.26929702373022,0.0620161431202601
9.77342130806475,6.7242879725614095,5.57131097099673,-5.316446775033979,0.0167936972764164
9.778303853670655,4.9822486392531085,5.899392057141448,-8.318586800785207,-2.5059301631444373
11.102418827369323,5.708346449527495,5.206927389098777,-5.695477311300784,1.844423304847108
9.432125022815688,8.273257013985557,9.543533273680977,9.0894495477295,6.009904977922943
9.665280819508569,8.48043777003843,9.798540843786414,9.211686434374284,5.126851072530761
9.280019010786232,8.15285380769495,10.005349407633524,8.097767154364927,6.265662741281193
9.25570917175138,6.310299172170127,8.083842470388456,8.49846369007898,3.575252352065548
9.863472642824837,8.35337000748247,9.688960611852789,8.911705446069037,6.353730956657462
8.285311719449435,4.333491860191093,3.786933627960228,-10.392364601740816,-3.264959071716733
10.573939166082493,5.518486107910404,5.885506510504436,-8.225207625515765,-0.3131657534812361
9.50515407341919,4.778569420251721,6.454347606722141,-8.206187131879245,1.496151545501362
8.672593346268094,8.953194077080484,8.33822473419862,9.306212422182954,6.025224206326167
9.309514424708142,7.465300947353907,9.868510750430945,8.502224598073587,4.460052350040024
9.027443382064442,4.420654014384221,6.458610926887056,-10.58006830006958,-0.3893409034255869
8.470519728703927,6.835250635363127,8.977417295189113,7.438192431138543,4.310456695498807
10.188564946344169,4.944117514288619,8.790819987014768,-5.894055577480339,1.6325697332017
11.240117576753876,5.821736181318502,7.6973881121799135,-7.818307468103719,0.5400361736084223
10.69578638425878,6.619365182888449,6.550973053170331,-9.782722654529314,1.8373209754983209
10.434962294947027,8.572994057460004,9.849192857193737,9.8258733390338,7.542063664353197
9.247255494627511,6.891673473577747,9.75845737852695,8.485205503518985,4.151730257789609
8.46201104741161,7.805250830674963,9.636491646871647,8.056694028686193,6.165469994131761
10.882919232445191,5.493414291979805,5.346301726841167,-6.127619217631938,0.2850363392128034
9.974961516642855,3.735909077968696,4.891535760537612,-6.446437261807135,-2.932363805888067
8.062186411359441,6.413417635531867,10.26607746183556,6.949527256412742,3.959307404550291
9.07361089745732,8.021688562505696,5.379712056605409,-2.924094595226923,1.4534208665611463
9.221126002266864,8.078449908192578,5.421465444171651,-7.767614522761363,-2.054089795647383
9.060607346570178,7.689100642571623,8.849917173272505,9.153530220985742,4.610102127042783
9.319721808448984,7.81287358477052,9.312378566355132,9.212818560684642,6.291163235218593
10.125945685718916,6.426219071770748,5.448124107535323,-6.475913185192411,0.5631879215675519
8.618790710674292,7.256051438649727,10.358603975282836,7.833329946245008,6.306423174077711
8.850881225234707,5.087849956018681,3.1614434824714914,-9.395578591431004,-4.276185466326384
10.24606130454944,4.057940077329826,7.91348400041678,-6.7125859759985325,-7.055497682197213
10.280130173169471,7.478277788512214,10.90655601240254,9.020862103081956,6.817514299500002
7.556793879799372,6.324256758251966,9.650411910804618,7.262327225299279,3.245808004520442
11.098589375565131,8.865787567633413,6.666313210742899,-9.003216040647551,-3.7027163713221913
9.833127190141598,4.076781036694208,4.362483533350266,-7.819324836018745,-2.480517168733974
7.085337034764276,5.524175711859789,7.189225628965362,6.198005626456226,3.571783470955593
7.458896552143828,5.95857209238462,3.662715819344276,-3.918574672919633,3.4058541664735014
8.338958159652996,6.592925254051769,9.009606747080378,7.436287613015718,5.345799578386594
9.144805038032208,2.274533400553595,6.1859038587922965,-7.587355310785938,-3.4591592711700443
9.1395417619043,1.7274608252870087,5.930494403256763,-5.567979737173696,-1.3715377378297586
9.027648629203576,4.054067044251777,2.999079535523501,-8.219051199776743,-1.961787464537952
8.034471397853734,6.739641752614814,8.338445702517658,8.016632363606545,5.082680266404902
10.384159743938223,6.776197160290484,3.740918550580332,-7.071650575622169,0.66151429512404
9.481891501123268,5.914622459756586,3.7058763246662254,-4.7698331873184845,-2.8739051402548936
10.191812986504662,6.24239521857893,2.4012380544302245,-5.6026207718419805,-3.2394749926054374
8.623168574143726,6.097964563282753,11.748167738249276,9.511055875961157,6.901637593938265
10.337294891672084,5.440080650877112,9.898737334863227,-8.717986489010546,-2.389823824615509
10.053263497218763,5.757519229087076,6.145727888224049,-8.250430844559618,1.148163754935203
7.153652829697755,5.311857566971891,8.968857553826233,6.528241455781327,4.137578527557484
8.066723179826672,6.693237216070492,9.184170530228103,7.143555828354631,6.284055615992735
9.180443342459416,8.832420052816188,9.957183677291644,8.850438499523978,6.411662559745164
6.0765476936156055,3.889736843756766,6.221438407745401,6.758254396695414,2.512207126567405
9.592209759591867,3.234978007873762,2.4969623963358902,-12.74248322227838,0.5116665465367265
9.227717498991233,6.469256780614341,3.848710605854516,-10.797492300549887,-2.0852329541732733
9.326738855290175,7.427800655480935,3.951211630612709,-9.06460809853522,-3.064313091211389
7.728050332041515,5.497346741553363,7.692242983399415,7.180242509795592,3.577266163912113
8.78422657405927,7.420576908967966,11.076311641353684,8.705012166359241,4.576923578542952
8.800889741166246,5.405820858399565,6.280018650221969,-5.983730253751115,-2.8256772598452056
10.130131183937296,6.084158827036829,8.470725359694656,-10.644991661226918,-1.39915819209133
10.07604765042693,7.282842164473494,9.978265668488502,7.836930510295845,6.737005843261175
8.180251182174318,6.902546658604086,2.503684176667604,-10.452786844475204,2.205419004630881
11.096834097335412,9.08347936827871,4.778451489201904,-4.084831480915343,0.3239539453923745
10.99587112437182,4.645875384919095,7.631616444413765,-7.402499528310799,0.1267110806035249
8.875552354969631,3.957556580259299,4.581095199640155,-7.666059678658082,-2.0037429111403853
10.826755135951831,7.7295170620802685,10.576665144021735,10.109086644834292,7.157458969378952
9.20091822051364,6.988482673215231,10.582933690766623,8.486607491964374,3.9119088911149023
9.24388666299446,5.623981892437324,7.422441470114602,8.3259163890589,5.113909297656087
11.590641372876972,9.4141169525134,10.70550864871942,10.626629007464668,7.759627079058302
7.79229422902407,4.377744494772711,5.836819487351841,-5.382289498728838,-4.561785452345965
6.872292696168515,5.353952442794368,8.582875852859363,6.668218307537689,4.135603207563109
11.165998925944168,3.559456813627608,4.928322972519798,-3.952663035161659,-3.4466869673498146
11.440605429544854,6.749554970661995,7.049947221984937,-5.978297526204716,-0.4761967891501918
10.192711077752737,6.139486052337453,5.509449757023303,-4.934898911650512,5.2301477428541086
9.459861860032843,6.036680798638808,4.922944443037682,-8.421040522926457,-2.777908381745986
10.110236447756854,7.408800658811089,8.85009816674033,9.11722866608263,6.633364216650454
10.125848021989915,5.888554855231508,3.2175209565117258,-7.256084586477228,1.0335978572614888
9.738193913605928,8.331821037263843,7.9035915517922435,-5.88288672428257,0.3727977383814473
8.105709905764403,5.295022657660656,4.253779951808567,-9.076927430703757,-5.823121504544109
7.971972895737779,5.891265656312859,7.273241149482969,8.777871699688276,4.334397044608464
7.683611812786612,6.33464111052278,8.733422275969698,7.953625898117744,4.672733860014275
9.822875595206073,6.124007054560322,2.567410492996728,-7.7670940687306915,-4.530679903417493
9.513989196028232,6.967408337131136,10.373445544042124,8.836200454730172,6.822888912565038
10.284456545040802,7.501811713502603,8.139966494025181,-5.659389676719359,-0.8318394286604229
8.04723664915117,5.742850292288169,4.750899782307517,-7.568089388229977,-1.5254121210413567
8.300452860879401,6.050810695467978,3.4703758883912936,-8.694789569907904,-1.782880055102206
9.15285679506222,5.423247355846772,6.872005090851607,-5.3606285881310205,-0.8453288743997133
10.157236265344611,4.219035504646471,6.893837740377454,-6.732509310929303,0.0925315407987945
9.39937745587412,5.993000495891748,4.873517280050298,-8.204007752690005,-1.7953689253868976
9.912400848987405,7.188161071157226,8.480722817715826,-6.535195767219522,-1.6099389818158771
8.086742280317857,5.261820391584006,7.524559902408605,7.231059173923807,2.961261386594068
8.272292210774987,5.397597405983248,2.2773383546527577,-6.522452123265326,-1.2985646354449565
8.692068378866328,4.59107157417693,3.7239729826003263,-6.8382191949353786,1.8320965473332465
10.312962207334248,5.772749834207863,3.814108812686333,-7.204020779056276,-2.1000739433314304
11.453778985882424,8.173240202294492,9.14232006982109,-7.219459303883808,-4.040422171579904
8.643192434957376,6.541595664902655,8.908210317292058,6.85247251678839,4.527531020282047
9.21102990567907,9.129583295041128,10.660217968328872,8.493083312237383,6.113144402151927
10.664966010308262,7.238651799198498,3.909903449369747,-5.614339767751186,-4.403844324159674
9.307576479689429,8.038312908957998,8.888726454580723,7.877794717168461,6.6104018229383135
9.642200453568178,8.709855864542936,8.696293628214192,9.083256945997606,6.15277148353275
7.614690557712379,5.211416999906372,7.145599000735121,6.536358729137522,4.348505257192572
8.834116260124533,5.946464852863397,8.980104364090952,7.386716550111869,5.995901069073844
7.950322559420134,4.04200170358473,7.945955309002829,6.820637433761963,4.396352410920432
10.142492995747231,7.418958349440295,5.412934553574798,-6.209273703687798,-4.186853728183007
9.054980587292134,7.974513909961,10.941289394472385,9.988166735187471,6.537320861641884
8.488275129599923,8.103795613064733,3.828425257756502,-9.700569853856354,-2.566684665474909
10.330476493200852,6.634793645384172,4.002571993116188,-8.275274767570554,-0.9320696333765668
8.779400627189572,4.161044841609529,4.562157264710453,-7.113692068495258,-1.8127475901075651
10.317923828878708,4.369512448853763,7.70902760492627,-7.583850002323202,2.002785655485347
9.888291066097011,7.745750137664499,8.527602156513858,10.707278032564268,6.195811769168087
9.346548397176017,9.416804996586343,10.322869074041751,10.51385662872135,5.341852139153628
8.766236266965445,6.451958701001127,9.734980893233526,9.195534637552711,4.931010659973844
6.751252704044131,5.9313417696947885,8.176510204096068,8.543637192080089,4.082275383323217
7.752001952475215,5.204459374846425,8.27521983278443,7.294446304363936,3.8055955401320976
9.087376443335284,4.11348079354049,5.771308646667663,-6.759554348362908,-1.567359960075454
11.308634340885895,7.758428484084369,5.78677255965454,-4.673720029925789,-1.3745224920223276
11.724710347841672,6.312428779425279,7.146828388402364,-7.199948630441035,0.769283833518422
9.48944116542435,5.79117021958563,5.2436484752612165,-9.999682377617953,-2.688853187395977
10.001625442886956,3.704019960800447,4.450321483327502,-6.604153877612759,-0.4863356312223653
8.297753241593792,6.266617743639523,3.460602933345994,-9.346540676365173,-1.801234584881561
9.084872066714816,2.6151626998542543,3.8525098493257386,-6.348034688046623,-2.000472529579206
9.766790901909584,8.442663455289306,10.932163189855874,11.35845583602106,6.812754439096221
7.305066389880141,7.599926009391456,7.2035763954157,8.596158260610318,5.441585466858434
8.687698263750603,3.902017809422854,4.970252327918345,-8.987921909959235,-2.2955501388056776
8.164950011596837,5.791990208813068,9.314541188486093,8.874585521738778,4.660834745868057
7.149497887901107,4.59820187556794,6.630959536181139,6.65645611365559,3.2120424075913148
9.78980064060396,8.795124917744332,4.181358557328256,-9.10626033568404,-1.316611188064608
7.819617068013612,6.554234106387175,7.83903302673016,8.083783890425593,5.016478662380209
8.289564914448029,2.6374795753691016,4.696157328666123,-8.534532845187636,-2.8898706359791984
10.05518721140646,5.461260112555174,5.342958904304312,-6.52722858286605,-4.390204427972756
8.264561525775475,5.442210447960486,7.664321384874261,7.063226407306295,4.209993370619704
8.970855996755258,4.872821812506542,3.4363413901540985,-8.199467974209684,0.5415001097688497
9.619919831738976,2.5342945729911124,8.79290556235786,-6.615745015704786,-4.666738006943103
8.949490684308373,4.397262617481246,3.650041748512128,-5.23193829833858,-2.856814112585804
7.693301264973689,7.451160948388451,9.402626581600972,8.272718485486912,4.669088812520153
10.652669274912093,4.152500133255326,6.168746461865706,-10.454003314996406,-2.7281687230393943
8.783230693800716,6.597603808870561,8.82214754788645,7.7729753967518,5.765424674225847
8.945129487918738,2.0204268062457738,5.674703892058356,-6.465403398023043,-0.654841071821405
9.013233291743733,5.916622004985993,8.451284027062263,7.99027977607702,4.4242793952161925
8.459810485265136,5.784396885862755,4.325515555190395,-8.51987348506495,0.4004218202547247
10.717052461459655,4.301864452342803,2.4869727167129194,-8.183831904709324,-2.339751399245156
9.13517171370409,3.8144898755976335,4.821693543166287,-7.248655217851669,-3.222628187698533
8.013196128258777,5.6970161969252855,7.050516691277506,8.170939279867289,4.076223963463835
9.75213939997458,8.298803205272614,10.660422517047122,9.39733035342067,7.250055364767835
7.928995471167301,3.0579968052328845,6.0388834313001,-12.422306696203684,0.314148843463129
8.700824369348446,7.416179230903381,2.0917949948170143,-3.494863660034786,0.7974397525161907
8.780434200078309,3.7629476079261,3.6335897184915256,-7.745229687268228,-2.53808129594654
9.4249108032893,7.413595730685515,9.794504207885243,8.768668585043535,5.482617917072426
8.642181242416862,6.86080702692751,3.597863309601736,-11.242379112618316,3.13663573624582
9.234553154916052,7.190179240254466,8.984104575658053,8.463308424409995,5.179429233060043
9.534861259242136,7.055228702659822,8.64275374812768,9.365194584615637,7.305354577588763
7.620463063304927,5.652335027916167,8.574271919588513,7.58948496442393,5.803464367790117
8.540324593464367,8.145322513090173,10.654657349716423,8.556441558642247,5.368849066462747
8.461779509150526,3.450917847488755,3.999824097665777,-6.7166788655786105,-4.203548979551265
7.424932122526473,7.0455954043437234,9.23864135549796,8.221374905766448,6.010216551023949
9.0509786529562,7.20291408536534,8.481953798542374,8.886084724853571,4.932709301975606
8.589617962683764,3.506756127149756,3.9131898332036856,-5.683891920658105,-7.817603157398725
9.518275811357782,8.731396461369558,9.57386914383315,10.479339194752814,5.243838305640479
9.557215780059964,6.987986607797303,9.601941429262366,9.394525513901776,4.351941131039709
9.120622525728509,6.70436961199591,7.678847600181868,-8.710986271805485,-6.811852407659507
8.602086110359652,7.680077834145546,10.822095635130538,9.261160260731137,6.242180964445063
7.810366172989664,6.859951310661056,8.726228842573436,8.02832144643368,5.499007382557038
10.656219171412376,6.570514667097248,7.293045759330969,-6.896103228049306,-1.9699508479143637
8.705482791154525,6.374978285595114,8.873476597782552,8.99208034252262,4.191992638868055
9.38852680582197,3.5840157525841763,4.12240237447797,-6.74393605657955,0.6407193048794213
8.4674781485005,7.037698554713841,8.66156095450431,8.318866586279928,4.80341352501969
8.230861545005167,5.736452002361343,8.968299303373943,8.10326771283224,3.7523753335240673
9.671458258537868,7.340661506164516,10.770081017699274,7.748802181494297,6.218446028023304
7.41735854524525,5.502704942130964,6.670672233471642,8.308695209964107,1.74966226345832
9.283747575793146,6.2170670279339415,7.27609758131414,9.025292781566394,3.932393357683349
10.46660148710852,6.446685556732294,7.732172583643697,-8.62807823080622,-2.885736019747497
7.801306881964228,5.266771256580354,9.34417127266606,8.015924667436627,5.813353718916678
6.463981698997516,5.429512353068522,8.15704629173565,7.0888799124182045,6.23922134665384
10.903833070574898,9.681475786189775,6.337946760695887,-5.897933511926629,1.1668569797040798
8.948338897361676,4.58669172100426,5.242216030224307,-8.33633851309926,-3.3560883519665747
8.245427363858614,6.935829071425573,9.286883590865228,8.386199067496056,4.862079131044478
9.152345453520164,3.6047560455028527,5.915347872928262,-5.129196099734866,-1.9096056740136065
10.010133225951298,5.104266644016652,4.995428209681842,-9.92270032448609,0.6099990511537576
11.973130193402792,6.281586097543063,8.613421861111233,-4.772737843465194,1.88471890988144
10.621871961309871,2.509776614076856,6.224001136154897,-6.940168319299186,-3.704808917257127
10.496447553850269,5.638103485435276,7.414959434365411,-5.855838893812661,-0.1102866718460179
9.60203561508961,4.551686881775728,6.736415947846663,-7.353305996669689,-1.606201750929651
8.029924709756484,7.32352860804596,9.241256723631857,8.93437959163107,5.558367504653668
9.424554361245296,7.249950492757936,3.1047456356810827,-12.1035966987884,-2.6080288354247987
9.383063443940149,5.78598750934459,9.20216135300534,8.460054125046211,4.970094836599056
6.912925421502653,5.972261560299074,9.159713135083017,7.392811443763829,3.971888660692048
8.343559370866263,3.850078323706753,5.935250713824062,-8.861035657080343,-2.1180248037698157
10.924792303743214,3.252714492100176,5.849680208682374,-8.585993607738608,1.784374188500396
6.001301481169717,4.688407669001341,7.097451194898932,5.520586543132257,2.7934039208323096
8.53877712782153,8.690639615743821,9.482668230062895,8.68066180653099,5.949779845393017
8.723722070559052,8.627713459287587,9.090080407925123,8.6945171509705,5.03501864443653
10.747059970494533,4.92219481165227,6.761151549453127,-7.118734441711367,-3.6399153463385976
9.998002080805003,6.242345960651955,8.57717719165313,-7.0167670320254585,-1.798925427183303
9.723645564047992,7.3676372282242095,9.98940622261929,8.702396425234069,5.733357961109921
9.4149574094252,8.416328710145468,9.280877145097568,-5.485049471972631,-2.3262132016593813
7.90359227254328,6.97844278986416,9.135875168190834,8.877848822571393,5.574777859896861
9.979305907450096,8.186488425958617,9.62290593517078,8.57741555125755,5.662399479582719
7.068205666723933,3.104023156068201,7.90712688299422,-11.110580198337564,-5.174652018649718
10.698336592745298,7.39555660022961,6.838005654557867,-5.256752997506752,0.1507836758730558
9.126605121301637,6.613235667163593,7.782894194810141,-8.060702202704839,-2.98277267569384
9.761199537013573,5.015713146645323,5.965169672700182,-6.660285986538552,1.61220702178904
8.29562071853383,7.772537674710509,9.745181219567964,9.379776595550036,6.094211450179983
9.630774204241778,7.636250266981529,5.574432712154735,-5.489536357141942,-3.1239290395546693
10.524237024868713,4.504735651734988,6.6123338886211735,-5.042565265752021,2.292255690907418
9.52382992496995,5.855292257298444,3.5025773218559078,-8.674358099923285,0.7545674990102518
8.254847213886347,6.001239863262153,7.523749989174076,8.895372706431552,5.74141247901139
10.839633777202616,4.641686898133328,4.137672065586303,-8.227790478562675,1.9975214331303808
8.730508705470136,7.843647498026211,9.482969737252768,9.119938612860642,5.88687764907427
8.614868733605002,6.676736692742845,8.367922939945508,8.417298658424793,4.912426158365719
10.146118353716275,6.504774189950214,9.023285146563529,8.523692267174669,5.272729092654783
9.784229309504228,4.789133102299987,6.535281640132513,-8.680682419541306,0.1927861172954788
9.170931288861826,5.262475868535659,7.345570239751571,-6.216539851490954,-5.064043960406162
9.497016784220008,5.378318349622724,7.673288349672736,-7.395881960636267,-2.236741253031904
10.096689590669998,7.166451364274856,7.483810104116013,-5.247058436270326,-1.034882130426201
7.193712228867986,7.619914035817078,7.771201511636587,6.801160327450525,3.677426060083485
8.414747516970968,6.070271998520805,8.74372670451264,8.574373143806193,6.323088416455812
10.727190015794433,6.277823455981261,5.5010937012546,-9.617015241332355,-2.681825043888748
9.199544671898543,8.599374093574808,9.819385875888754,8.933102363133447,5.845443837209296
8.09887196010166,7.702370639844755,10.510127301822209,9.255588084053649,5.608238636443585
7.696417011653233,6.222181029506,8.282569094031473,7.77847615418582,5.516772377121842
8.773993082396236,7.669506147027593,10.271845152412029,8.538222795899857,5.319435178529842
8.266896863350166,4.279338286882038,4.061835722326061,-8.580849386959224,0.342812615276389
8.172196475825293,5.291638955210098,6.477080322871705,6.862227445221951,2.577420642425231
10.00723734800125,5.280005432447159,8.003230067216034,-5.1704870359292,-4.677585671722434
8.621846875857363,5.466410431210496,8.93581631239915,8.339634957640198,5.501321306300974
9.944880209625651,4.485789951225643,6.021254445217314,-7.042519922777776,-0.4765873597690545
9.104936904600676,7.046102107598243,8.244308796329683,9.22190924535798,5.726821378721932
9.151733622463274,3.194583040143521,6.8472635169980665,-9.562804507195906,0.9534015851839988
7.961116957192705,5.969345762446849,7.604625650650394,7.346407732187915,5.16130000377128
9.085839793600025,3.8598847639710794,7.423209037766659,-6.506847117131762,-0.1742540576298376
10.36005036160099,5.562488326203186,7.62114832362986,-8.418644976701863,-3.0199082194108757
9.677326866600923,3.618579383502345,8.575681280819268,-4.836965888373408,-1.2299580056655943
8.502706381958737,6.984394195357907,10.357780824650929,7.555458273507189,5.961746493499516
8.073613428419954,6.195884238618317,8.525087506642805,7.402119319938815,4.396889077732169
8.350323266986418,6.044757346780814,9.01508668063361,7.073696047119048,5.681500538924342
9.06681445091612,7.768203481935815,9.859128453549133,8.991959688385071,6.3567922047770296
9.97900022757557,6.632289110170667,6.903872263539663,-5.795853644687655,-2.358681260449327
8.866380174669803,8.167387109221156,9.364533183651115,9.049191362742526,8.863130997567264
10.312586899147812,8.897945473695726,11.422803616750391,10.69568944432279,7.423328431473446
9.567559220450049,4.275636006244682,8.80919198442453,-7.560564369941576,-2.829346117891098
9.008007598170796,7.999303002475727,9.823934954178329,9.001989475307061,5.333871992501687
8.879880253574102,4.629220664409442,3.929093088278959,-8.974754762695563,-0.0599187309695699
11.339951035777773,9.779680704804878,10.830068265470745,10.28531169068226,7.443046067057763
9.925934650825976,4.180951826506443,6.197221387234607,-5.175014055378032,0.838014753151821
8.462233578498845,6.857477054195286,8.149974891128387,7.277943508089132,5.556062466287424
9.023481837257558,4.286238392782654,3.342198973972164,-5.120519598640754,-1.2429566551482685
10.95051476445406,8.835807346920385,9.287746832418096,10.58751917161477,6.327427808188095
9.955630051306596,4.004166889217989,6.782931186711552,-10.28785743800518,-1.5795963848043957
10.378522990971724,6.787967455471464,6.154296042522212,-5.823254286459811,-1.0814894242432105
10.034171587127686,7.365531783478042,6.765720411030719,-6.4185936624656925,2.551371158501692
7.285495341422626,6.77285294676296,9.27447566591223,7.569872966673066,5.365943572205334
8.508884495819323,6.396810245668723,9.590647628192798,8.118871019835296,5.424357012186606
9.502554856508036,8.238637034633255,9.863378537850362,8.985851728642892,5.885067407013203
10.894313065038446,7.1282505661338185,8.257550885206847,-7.991443384926585,-1.0998205437448416
9.332670572685403,8.071821610042154,7.942369313388068,-3.993378053170775,2.7657028187200474
11.35152607751328,8.767579775222206,10.905059117201112,11.076645080496569,6.07767197571343
8.681865504692846,3.8385587850268754,3.8266450441784334,-8.039594399268687,0.7804024717488776
10.93291216840246,8.490429365082196,9.812616106677288,10.650157611715702,6.483571507928021
8.782909593206767,7.736450159325765,8.84668049825813,9.0062290482513,5.339531225048043
8.731725330432676,7.108918395747684,9.2706463737329,8.505151912803388,5.344053250278954
8.457786692545577,1.974132858143942,4.822536215273793,-8.763703228060828,-2.3805444069194
9.900860769642264,5.675217824176988,5.794703361244579,-6.408615264953935,0.5891740318295053
8.02922903920096,5.393454779861623,8.012894088062886,7.233438291887348,4.702005645565862
11.10968262573236,6.280664279405997,9.30877777121113,-7.8106719406260785,0.4333990012561592
9.694667338895371,7.508767134854922,4.846371887662339,-7.922411682083089,-5.098087805101322
9.413954474206626,7.9050606760599695,9.216158381700971,8.787831097019135,5.613264714015032
9.767869368087531,8.341558529922278,9.854854148098909,9.944112552748988,6.637407558200606
9.10994680373435,7.692439299754347,8.786854945637767,8.914744720750152,5.742421962345845
9.638769530048313,6.810117943862247,4.231083060656257,-5.292881264617234,1.2687948858674996
9.683830164079012,6.359279763522813,5.896563571469181,-7.32885671877766,4.943064897227079
9.681227183113862,5.6274244510019775,7.010792537718832,-8.382912577584326,2.9369062593795583
9.721716331580852,10.047161626664032,11.85032371454108,11.00983858710891,8.169266630096077
10.075745004308835,8.827074802448246,10.256198830936851,9.455410010611711,6.591865569991566
8.471204115398216,4.004060702547321,6.119153769552221,-8.915550586155105,-1.390840498506233
7.834085186388847,6.214487664709452,5.971494566074027,-6.370068332797356,-0.6058173153216968
10.738914892730865,8.959904719400404,12.682184105002763,10.587115811954408,8.542792928018045
8.546708388120289,7.1795654924072,5.75537461113027,-8.908603825618869,-5.829586768594897
7.538820265995153,7.269772045057258,10.038407071120892,9.163290687317222,5.25141590007618
10.468452742131491,4.167304229123886,6.329531971491082,-7.350234744186891,-1.3677053602317295
9.850282610200216,5.341714387833874,3.967377532018284,-6.112187608702427,-1.4058955251927472
9.263296495619944,7.555831300345294,11.130541571886267,9.231185932857375,5.696742072375431
10.476384121914126,8.663123022721612,11.730103481188804,10.126226919145052,8.62646797924588
8.154577609308214,5.389625491573234,8.624192572741464,7.194592161668942,4.48763738556262
8.620325265477321,6.041617101475231,9.325888247032628,7.167759452915036,4.88906507808228
9.710542732605976,5.794697778047919,8.892178665578724,9.926160757195063,5.555740528719112
8.267969367242516,7.20201477550497,8.923569831319208,8.602519920928591,7.120486356940975
11.18172879671118,9.431908507696283,11.207514849380368,9.522201011679613,5.10550549168777
8.647166652543712,5.231897367280076,8.720482984748553,8.204949656221078,5.645140591836455
9.364090670522785,5.814936647867237,5.784383218200979,-9.326568465688304,-2.2658005073609577
8.133924143604967,3.826612634705808,6.295993288456958,-7.727410337313782,1.858998330017688
8.453718653538024,6.820417761180072,9.31587901542521,7.5682241629156035,5.563471038576326
9.310319980014484,7.8079141572677075,10.13374113816142,9.381726809090852,5.0896412075084205
9.010951331485106,4.373961975376183,7.322426080504609,-5.588004232933132,2.805653961007269
7.454479649582494,6.247871055572195,8.191320046671708,7.864228716919908,4.702544601751909
8.310082811223443,7.561174486955865,9.32968584949147,6.898246230417183,4.3286151056198445
9.547732686749162,7.217865277472298,9.217973790196837,9.341047482978786,5.830645781617178
9.524604732895192,7.28348172060867,9.834251911692313,8.814618954003027,6.330738158463789
8.987710702837012,3.1733049560559943,4.416221816160363,-8.409264501202937,-1.402394697022015
8.628501449939137,4.616530277018984,5.898534535209042,-11.597098847581972,4.15389907762131
9.499626316481091,3.36655123673848,3.261244236011996,-7.978665011527964,0.4176719353905678
9.35995929207352,4.137525251904845,6.952083297718909,-8.84619495714671,-2.499496188343481
10.537919815978476,5.962279177557479,7.654785263933602,-4.894823693009596,1.5578086403641556
9.919834943477872,7.311436421290526,9.696684867071673,10.128919933946982,6.709488634220758
10.698721854561697,6.220101043187485,6.965673335406199,-6.7313071945361935,1.4015615569643187
9.912044943445528,8.067333441657569,10.18702513791475,8.579743354823776,5.577335421233899
9.862374700267027,2.843010923343431,5.398946415302368,-4.489783526178528,0.9767884811838315
8.369045054179974,7.544629082479444,9.719025501522284,8.069000534134219,4.118744223127584
8.569792389543084,5.023223565754083,4.091448175781009,-10.22373930587412,-0.6183687076953118
8.576222260718852,8.354004799135563,10.2468094694836,9.399537416236123,5.880586939107713
7.790005799177689,8.112835552808946,8.070395491226773,8.229354686624353,4.961205418846928
8.325913733275087,5.708296130882133,5.454371327379096,-9.416705023590117,-2.1061047819649383
8.770937842833133,6.698768587171602,10.261122979326675,8.409051283604732,6.66099886862971
7.1826362911299295,6.799560699650452,7.278179428747789,6.236282213399942,4.716147397136491
8.899929802499015,7.153918936378255,6.08429166783248,-6.943895933736717,-0.1573755604553945
9.63080287981279,9.61038131114859,9.648319953460602,8.49796995635045,7.083769859808992
10.683919104085328,6.821185775042764,6.50399467315862,-6.215132062401277,-0.5890124004777474
8.93966949892617,7.953078824400954,10.767304511246644,8.471667544929554,6.862645831555991
9.19948707096489,5.642018317524283,8.793645421453625,8.476172548022497,5.085676646804749
7.95642405717938,5.925805538560576,7.206180068853286,8.251052013999235,4.613421813858915
9.455077400980873,6.127640535053288,6.736589731085823,-5.560460128667352,0.4228579587503795
9.220022776139,4.807882712929022,7.86776186073906,-5.9425921746931145,0.2172315100791966
9.23381718028258,7.73425514706858,9.602286065734502,10.033558304151024,5.321309199221294
8.16674124813429,4.485456440447877,5.88529395515968,-6.613864187526136,-3.366037075661661
8.8779350671602,5.96636827937221,3.8897294759589354,-7.229899664452774,-4.475377616003318
8.987125574307226,7.18056343777018,9.358566785327064,8.62802063708194,6.310593481936788
9.586375849358792,7.693281986437913,10.146220496309011,8.769710402171091,6.979641387366908
9.085582883583802,8.236161034865285,9.908172060706214,9.330194083631858,6.749028069293152
8.360483829747086,6.940312349729614,3.446992269799421,-8.486207098439355,-4.372384351308407
9.743987161769567,9.107028251505104,11.020132863190083,9.730115363404703,6.403904584552657
8.385473016579072,5.989412536631992,9.348097812556778,6.984103211582799,5.15898288189959
7.28003358053265,6.424579783990967,8.24878083831421,6.586478509550231,3.906199081963688
9.103190381164596,6.134395627328432,6.991138033621844,8.588808241281102,4.943398993326816
9.407503880055224,5.439201519240206,5.323670865674129,-8.009100624727637,-2.235447512947108
10.68790952860353,7.18288810317402,11.05946244474042,9.35891695171717,6.741087798637378
7.71641765540832,6.169326114057775,8.224365887938792,6.648271234361265,5.791438747947832
10.44580898944734,8.691724029862916,9.52755739831798,8.756987392835427,6.689586825798923
10.917043711934925,4.628771361795564,5.228981136174164,-7.850294505077128,-2.6740440465402724
10.926260230968662,10.376227182678573,11.95037609342124,10.657857001043793,6.950218116397533
7.315128721895701,7.831795687146774,8.414365766713123,8.745858475629944,6.5345374068345325
9.049623463987931,7.3550007737916925,9.39891247575535,8.115969640827041,5.556611164116339
10.39680872219532,9.035702035902643,11.249858188423488,10.82172166158685,8.303073488832144
9.51761208537027,3.1008926340355094,7.645010603728674,-5.409267852710505,-0.3670468466980335
8.370149547291666,6.857558178776688,8.084376212438238,7.849505687601396,4.178869548875264
9.349731359760584,7.329138248665553,9.177186710471982,9.211897619229031,4.6149836164977405
10.553644376823328,6.714549269145832,8.498412834444625,-6.150574276475522,2.653263616614169
9.2189832514769,7.441890264176895,8.334151889374295,9.085935041780964,5.25959872115358
10.254480170685753,7.726657571302799,1.5688944387804549,-8.910918595284409,-3.0912076129914
9.157649253612377,8.061926662710844,10.679880798127297,8.882189587949371,5.245257414682548
10.74183682528904,4.2102820936535625,6.881407825973676,-12.607078043948324,-3.953935454111432
9.19717731144404,4.619756086965376,7.073724609160764,-8.643983906739258,0.7981686452437788
10.489597225929442,9.158753509849676,11.29553997005611,10.846012197276142,6.449019174032241
6.653527648501434,6.355993629599678,8.703999715444288,6.955827190041133,4.167414497261488
8.984776208037605,5.466741864409944,7.294908540228252,-10.01832883966,-3.56134613993801
10.072181604440129,7.576108651091013,8.746373999078974,8.773358928475082,6.518000802634521
8.050653435085115,5.790757773996486,8.989927384054909,7.327671387322546,5.623052100988174
9.78107917341995,6.711811973367524,7.851052091948474,7.850539506204264,4.14263239133183
8.591266973325746,7.278535306111101,9.560841627812003,8.97322472968796,5.783901635688742
9.409255445638228,5.721815070748955,6.356390303990641,-7.442954244745922,0.8553149381758369
7.946024343945844,7.977376208154912,8.635289295192223,8.410309134623636,5.93456991636095
9.191074485774903,5.681763566845149,6.331832037632001,-9.579164761919104,-1.009696113579112
10.134789517577996,8.680796990267456,10.116331972068826,10.790338770879078,7.206860760602652
8.401757935998793,5.280709156357942,5.917024092489496,-8.527722294706583,-1.942857605017392
9.497175970359445,7.850299264882616,9.727846154588088,9.029194264936704,5.307596981682658
9.329424249503118,8.646687980581317,10.320076332035676,9.140559492906444,7.784022562008976
8.306941863189452,3.7385954101446126,6.147212408527251,-12.014731741888465,-0.2759789504265404
8.166034236656342,5.317388589005507,3.85417499478707,-6.318832626141263,-1.0662199180712613
11.76754561651606,8.728032090234707,11.894705033426453,10.38386175988501,6.752289393063331
9.493154630445064,6.937018283085898,5.854222915920834,-6.596600050204381,-3.186446146750202
9.233788097989626,7.273435220896659,8.54693672382987,9.002661454895353,5.843041539397027
8.889543449090002,3.9059958557254,5.032764967291645,-6.006240951784444,-0.5253579821034273
9.665311961150358,7.462325730099923,9.714495817360907,8.504882453824152,6.206891076684384
7.579224757180265,4.775142225260758,6.773043562649278,7.706130281408782,4.804962684557398
8.410639804050565,5.126052251547921,6.032637115137469,-9.236774303685896,0.0470037260299973
9.69292405715562,6.75019806861842,7.257601219241037,-6.936356606108364,-2.7910717851215567
7.003804198851555,5.718254883293175,8.351476353393256,6.651859959850127,3.779330606981773
9.991998993727847,5.008296952959969,4.839210181720444,-6.761194857866951,1.8265379609792076
9.582852579501264,8.446701297653638,10.640646197268824,9.411856582382091,5.5216524888689245
10.743067137634169,8.651193377755858,6.632221298218789,-5.685352976629596,-1.754164249270385
8.360391436785013,3.835154526554507,3.480854636465192,-6.301769970057435,-1.744720868984484
8.769842407248557,7.0568152073265376,6.906181018536426,-6.144979923041249,0.3955384320744188
9.729547519384152,5.421638249353188,10.031236059267169,7.662173318462224,6.5109139072252695
10.299098761676358,8.696490970697232,10.972235759020275,9.70027488790455,6.034404773929785
7.476775086384542,5.162235273026317,7.332201897687105,7.259433175926211,2.768270317762036
9.521144973382128,7.561929865743269,9.452324847067928,8.625140580014262,6.540806634725765
8.574603469456951,4.925318906255244,4.625690258529995,-8.847015685112884,-1.8929075763482144
8.69548735326182,4.597383688283414,5.253059832120457,-8.421307758643072,-2.16210129094277
9.74768913665865,7.803725536823419,9.155709190906236,8.402275771515448,6.539430625038151
6.788349666031023,4.058437645174949,6.387339506332944,5.892260701177331,4.311594128921936
8.14514569326173,6.206378839789851,6.494161381915791,-7.862963838894051,1.0359119889557773
7.1302763063513055,6.722972740096682,9.280420168919791,7.123686236244028,3.3952838248250696
10.28169999082762,7.204036114272943,8.394777905827699,-6.783518710677527,1.5470482164723909
8.425200899777984,6.652803899396415,8.313925896046774,7.0316143514997815,5.720066856376029
7.351857590495415,6.3452062368712285,8.446370619410654,8.030798741208809,4.673008820556296
8.500542191755644,5.2260401071244695,3.546871305111296,-6.921255449576374,-4.744183874826556
9.26607813508426,7.069377941368854,7.783190994512267,8.270812044015443,5.604896042965141
8.90526904221107,5.164872606220126,6.453916191562127,-6.407920445491786,-3.9553501702356217
7.84338871739798,6.979284453161991,10.587631461787645,7.558739336574022,5.358767362054763
9.834559564999168,7.041071030197636,10.64953138315236,8.721529596203276,6.231317412987729
8.478133058360012,6.824940106517348,7.299544319167261,7.689586807582756,4.261065124355293
8.492160301131014,7.713819813575432,7.694339004193114,8.112194377279492,4.883401213588146
9.959011323736654,4.520378761077521,8.277847933407653,-8.684095324859067,-3.2810921073887025
10.205230553296504,5.375690375301401,8.012409091635341,-7.791209200273743,-4.413525816659051
9.92404905758363,7.448571723282246,9.33936769764277,8.635462534032964,5.9148969502917
11.456871383881452,10.94715277511756,13.706627582342833,10.708467039570408,6.657197121682918
7.805561676393383,6.684665053974049,10.77985636901184,7.807743046744242,5.923399662758259
10.324320057224362,3.367131980341008,4.252967555733182,-5.255392278130615,-0.5951851934517042
6.810160959111378,4.675177389786628,7.686583233213557,7.010037146803407,3.2721376052495468
8.144479244995788,5.356132840877324,8.118777952984539,7.199908562987011,3.9692190382235415
7.958936718837608,6.298362538530436,8.053662179586436,7.653391701809136,4.648535693299123
8.666646501470627,8.24400658776112,6.050168946638542,-3.843765488154345,3.285586485021597
7.642739574302656,8.240703329441473,8.919975633502169,8.945177548291284,5.525344284077721
8.5242796396549,5.805457749472296,7.369905903993636,-8.412125648210491,-0.0229585924279164
8.506572191936906,3.694486232505478,5.291099708004501,-6.416369549341289,-4.173263658984874
9.230436677899997,6.922577414919802,10.48273729138911,8.194839140608158,6.28601605355823
7.921732423465823,4.94100226377304,4.534518893395306,-9.033834048824852,-2.029852380754754
9.11044637420704,4.302862635350338,8.312403586692923,-8.086644837720835,-1.5563344157318992
8.328864178138783,6.599795646813623,10.567421923565773,8.43275599950941,6.593088188808457
9.830865894520048,7.896031046649133,9.11201599495406,9.104081809112945,6.071668533516496
8.691335549161913,7.056348194962021,9.56419439641377,8.225863621092682,3.96432539083061
8.62333884999936,7.974676934775379,8.614304338013163,7.976228776781866,5.0749243907155765
9.783678019729464,9.21919495425116,11.31726921669404,10.616806495518375,6.565053961457953
11.411352782175497,4.210809313805507,7.529372641355191,-4.724144827265842,-0.0832141059185892
6.394187697803855,5.740378063044357,7.491578974030478,7.397863583826192,4.45435335068766
9.746630875003548,5.711318704632281,6.786750318149911,-10.17361655219932,-0.1292914431737077
9.018602939456729,8.0598721492238,9.354920537941076,7.655276262438233,4.029252348553849
8.824104971066651,6.467282065215442,8.484278317293397,8.132888427772446,5.010969467387071
10.443425099550964,4.494685146133718,7.502898893774148,-8.666420002953494,-5.467082021686246
9.487013428693183,7.349471898953908,10.862554196251924,9.17104809309615,6.077069013354371
9.78960369191434,10.203461155882747,11.13158264068304,10.928429107210262,8.184229803635855
9.74164488552633,8.53139817343523,9.536518361509158,10.9997658733691,5.9787986556453285
8.842395078200902,7.125545936852518,10.032330295573365,8.41150665338027,5.955081668220093
7.812852714572379,7.267170465367976,8.698534674861165,7.330656789972812,4.225598273864223
9.010484247809268,3.077039842919633,6.233753423803058,-11.441712016401198,-3.546862907316505
7.058810402892047,7.243612861364869,8.341262796223976,6.8346910695277465,3.9576927751087583
9.833459387619849,4.982168119535308,6.0477047522243215,-6.697603134358648,-4.100675610215869
11.046597378648174,4.726590091524598,5.186976896605676,-5.9159863511568975,-0.2298979148673382
10.035007503315146,3.740520347327931,5.0310844175840845,-8.607176695942602,-2.2935171928878524
7.4071536133795615,5.623963077970201,7.548390432253808,-8.190898518749464,-2.8017167072314093
8.935385353951222,5.205902177206468,1.222167661250933,-6.986991402013907,1.21214904572027
8.389335525153955,7.06790213291059,9.816619630473536,7.791870581934136,5.886239803406549
9.843445509785376,9.092614531105111,8.871615910512919,8.220929265736846,5.946528907889332
8.433285102593695,6.681936894200369,8.763805782549163,7.682732344591535,4.0128076996502005
8.881936427821465,2.159469428457272,3.1920876774882463,-10.08998182799758,-0.1432963507254335
8.587198594819967,7.198876990233138,9.829955613797148,8.803969882905676,6.121956930234629
10.15045840718995,8.2301696602847,11.14557550744158,8.841233331212722,6.731115589396049
7.680000085534608,7.360011480630652,9.617067436088329,7.505138983602787,4.903459299262416
10.718226648776453,7.206165945664021,6.465690433922396,-5.297628746330076,0.4492831585516963
8.696126551504637,3.3748177037617597,3.1762965820916853,-7.203822889774249,0.4799224489591145
8.84482768185397,7.025097109100333,8.366198055503947,7.610252737480136,5.555944302855508
9.502667005634654,8.820725750427565,11.580466638965952,8.272616335168314,6.887076949535187
8.165187959391588,5.668941601909065,9.119265966394046,7.799214893952907,5.020678613273315
8.040144338293992,6.961902776537944,7.879565935730655,7.514692274252663,4.301303319404534
8.615431774876047,2.3230316883585287,4.757678521789663,-11.332217692849197,0.4799555378087654
11.136563120612562,7.913635353268338,6.218145651670827,-5.213430587067669,-3.512230852227259
8.952978238541082,5.755507425775425,4.914005815337127,-7.394642297139109,-5.490927043632586
11.546874394377427,8.591628551088656,11.142183641439823,11.143166688271773,7.32515744769881
11.028623861588212,8.11052435247122,10.629311351779258,10.076954042398404,6.423011794846462
7.014329241749003,4.368252206452689,7.076509204274356,7.2091717603711984,3.0745750127948908
10.655694787107404,8.373918322455001,10.05617332170225,9.563307528073588,7.949072318462983
9.429294062046354,4.782511006429744,5.613346891656468,-10.009042648356058,-1.296382689390583
9.307679422578952,6.322550794258767,6.702707608070378,-1.630436862921222,4.25836573273182
8.806332728038916,3.691443138644545,4.904308105317055,-8.692952635779143,-0.9111990057736462
10.99804305983898,5.296437973749109,9.135603266626326,-6.624690892051964,-0.5469735947553767
10.33283152072822,5.144056620874131,5.830440531772169,-4.803239832499502,-0.9988764756271014
8.71128041870086,6.809911264760331,4.575282892992696,-8.362607895667155,-1.3690540561756446
7.737075855695179,5.5427810349890745,8.535439453601997,8.304678024301458,4.065228410666439
10.88627719256512,6.113740418363768,5.62658589795239,-8.461734271032157,-0.2277644019946015
6.356561167336024,5.431871065582181,6.944192873864518,6.787054079014287,3.658865952675906
9.741256202523791,9.147386981156266,9.807954574544835,9.473267719700026,5.620441152052671
10.605537348713092,3.09033136522941,8.048574422500748,-10.914917597767255,-3.594244684932823
6.509683845268251,6.434085099993377,9.169973725260846,7.732509104673185,3.9712340218380096
10.600295503779137,3.725017519292535,6.689303874052956,-4.018686182100591,-1.0805209371931617
9.496331626276682,4.2786497943395805,6.3053291825913975,-3.355725334994271,-0.935056850453169
8.534401993701303,7.578703221912622,9.723957703329122,8.66746995326256,5.551263622483243
11.597912584802629,6.116363340515934,3.23611445773906,-6.137438236118889,-2.2479194432164507
9.343114205055434,6.522377573904678,5.710103993123783,-7.064198190754146,-4.942667035119794
10.314727670742558,7.593987450020406,9.653275802658666,10.10914838991192,6.84786181957335
7.78105827226658,7.490266729274818,9.0545915608016,8.699151554045477,4.64813452990228
11.77498373660544,5.918193842584533,5.363842527529292,-9.288539128301167,0.654699043563336
9.627852970040308,4.750650718049457,4.9450204868757055,-4.166938007621169,-3.099591215476204
9.640032376875954,4.77616277937703,4.924057113876181,-7.28842499651186,-4.832452540006741
10.799670406512972,6.096415886264607,3.8700848338531766,-6.875646866210951,-2.940913797222737
9.07376901241526,6.824631543071755,9.59370912212824,7.391516229594965,6.131724175321232
9.515608312373976,8.46320201170216,10.759953087446352,9.33705886228015,8.147713240070082
9.464253890548338,8.573388039221232,9.135031725379438,10.287924874735362,6.616782860549684
8.549980962376065,7.500744157738078,9.835053861706534,7.971509313745359,3.4288886096850555
8.511876273631502,2.3681855109167227,5.387688450668342,-7.087190434619804,0.7839697948275695
8.860022058123755,6.750345358181285,10.01330572378591,8.191140104224079,5.0296528936035365
9.992987291328095,6.03929471240753,7.348942300133128,-7.288306205202145,-2.798638986789
10.375922637448888,7.26274123997824,9.984436077837074,9.519282687563974,6.509783483813106
9.034364173041936,7.258962152081995,8.330233980721001,8.903431818652505,4.085597930183223
7.271594911719402,6.173241548461593,7.910916679046361,6.8003141381589085,2.945567676963728
9.262927328309535,4.386368389817731,7.106108499719528,-6.878467963701805,1.6885832425146252
9.417062462563234,3.8778610874684007,4.190085170088143,-7.634626953021267,2.0471229269435054
10.499428269252393,5.566650793307622,6.784756968190088,-9.12194320653177,-1.8002095150001876
9.025667781790215,7.0155177181978345,9.169690491479356,8.79438116612978,4.701057839905094
9.28838365594706,4.981698180047769,3.80519826951168,-8.853276585628752,-1.2273668572618806
11.481107512527092,8.092575814849212,4.521553218463456,-2.719930513556762,-0.466423755990842
8.7221537547718,5.513427663464356,3.278996833339766,-10.184495489207864,-2.337850085493682
9.389476345385315,4.694277463276845,7.25865895051473,-8.95788014889073,-0.8302836278849081
10.372423654065564,6.872403087729651,9.027130006492346,-9.865761675648596,-0.2981042318522672
10.020294346870774,8.888259176226276,10.918316988538692,9.75879629219676,6.746455992276982
9.057936418923124,7.88596735573764,9.693778232596344,8.373866711717795,4.547042156267901
9.36071038246238,7.898963676409713,9.570220288759735,8.745376387053298,6.767208409145244
6.70934715182025,5.4115513191629,6.699268605401219,5.752475961463453,3.819304554758941
10.050096234893797,5.321437596236481,5.398704586525644,-5.118742238220237,-5.947993357967568
10.468528180456392,9.035139803184125,11.006044847314124,10.120598038636,5.914143116520167
7.810491284236818,7.391378053797605,9.927693059671835,7.060582779970736,4.705755023103944
8.798393864366826,5.81350600667391,7.747859501925698,-5.831982923899245,1.210716258202479
9.501734972932912,8.248182095871622,11.22249487203973,8.928663440631679,7.480282142089829
11.11216300454861,6.841314758805762,4.637502776898099,-7.569457058392498,-0.466653245190006
10.019386435861565,8.400848863849584,9.705528787299077,9.312883483021734,4.461321663574582
7.977537103066063,7.105242181056936,9.51435820111208,8.574893360310215,6.91587598775421
8.798647631010162,7.766410404436858,9.93170815281704,8.511176802486892,4.919427799580332
10.01276037915562,3.385696176269237,3.179057909058238,-9.917259187287362,-1.4051589280085868
9.670841343208538,6.637419897750091,4.938358584996845,-7.933352118210567,0.2603401252428459
8.444001244806227,3.362524058094434,5.582369714370973,-8.13028614406781,-0.550056082088634
8.098680807660436,0.4048933682719111,6.275211409586449,-8.120642462624435,-2.1386762631949705
9.89356735108424,3.7995195011473015,7.621819981535174,-6.672312811536453,-1.7427079440381164
9.207916437109589,2.4023323980735465,3.433055845048329,-6.852009743192051,-1.834717932348073
9.49021320713516,4.676902628593364,4.324953536710707,-7.967757820642401,-0.0913666223894522
9.1642000128486,5.125893055517772,3.927835786790912,-10.13754748418498,-1.040100734816618
9.565148813272472,4.8878066453014455,6.542379994403353,-3.738249669025897,-1.897042961657298
11.880264821825875,8.29693401294284,10.269239742330251,10.296595715981365,7.187726349483628
10.653638143057847,6.283998417570789,5.968096284738351,-7.645922729372598,-0.9590775225291756
9.437904878125188,5.394436904642894,3.760254562989204,-8.21075953753168,3.849892312359687
8.766339632752349,7.425393776669853,9.58511977538199,8.119766560190603,4.979902262929827
8.936397306742744,6.479181470477945,6.987026736139141,-9.751957019410105,-0.0213999274596143
9.03317425690044,5.98205600789578,9.584145822986464,8.177321571532746,5.233927174786629
8.240160269851723,6.605758590226513,9.071622358754285,7.385681702285888,4.821577092332468
9.411084364133847,3.3952737550638648,5.665282742988032,-8.645814553757322,-5.161271655605649
7.578258444600493,4.848734974256669,5.932759350509452,-7.884492684048868,-3.098271998475737
9.65307911387086,7.5228016730611325,8.848022680189711,7.363474603715103,4.35402485773429
9.303743494072922,8.545581576168514,7.227662206348057,-6.896879922627333,1.566878055637714
7.901410646350477,5.551064181305256,7.254584875288774,7.309257351576146,4.591044707807657
11.06317482606212,9.57613998457691,10.217187080359375,10.879420897799903,6.337858665127111
8.894071983134706,4.587705041595612,6.530436396222843,-5.422415837280633,-0.3325528116989297
8.719002037694095,7.86838516056161,10.056760125556544,8.216770066125504,6.59413167725911
8.444053765526652,7.303468732449685,10.233558885564864,8.719041317679855,5.150615308467653
10.551324729812327,6.590378224984705,6.099032725823695,-8.017235172254459,-2.887474420851192
8.68364386658865,6.970732167347366,10.302719500429596,10.079291645370018,5.80512322186076
9.325529856021133,6.469845981869379,8.57365681035674,8.161222555638263,5.817307591124295
10.19317963294116,8.980206517410188,10.961689159190984,8.829328675743687,7.504405089015359
9.5808658973344,5.428698079210169,3.560775710767861,-7.771678274179926,-0.7104360664362819
9.059601030210455,3.453057463247992,6.514111304310362,-7.109564906730764,0.9814004552194928
9.570478661806405,4.515347660847696,6.1928740595601495,-6.799916749358287,-0.4249740724439761
8.822118555066726,7.563284909316267,8.692332834675291,8.664004872766768,6.457430806994886
9.579390883298949,6.067955100564366,8.55463263483045,-7.280173129673519,0.3751918684879114
8.346689755482613,6.294088216851261,9.17504779355353,8.623618944254561,4.200758828858847
10.033159775764966,7.630669656656186,11.229240567122911,9.335222635909808,6.7092039677789925
9.232518339392922,3.7800053532226014,5.8407816438740685,-2.645104480572754,-1.908117807852098
8.854626456015884,3.9636785291702457,1.3343440006028748,-5.9550836435848025,-2.826633185365788
8.335139809880078,8.161436869935804,9.325787483097706,8.467049126142456,6.099719422951788
10.812193661930028,5.239663983761297,5.4811751545195735,-9.269074030080308,-0.7412507070050858
9.246315573312112,7.270872616268864,6.373265173634861,-8.148332769266034,3.241731211558079
9.798835568387954,5.327146056648,7.12496813485599,-6.43109735011664,1.218778434324784
9.224486961604708,4.536043980956667,6.733448404625083,-6.019456316481011,1.6239397609231472
8.745801010984474,8.35116579607755,8.576260454341732,9.08900957758149,6.604158199585366
9.62893661557666,8.116311360242866,11.3518885917783,9.20159838262289,5.881425804162907
8.00795699913292,6.502515491783808,9.32008443749888,7.686304999158497,5.578542090563779
9.397402515220724,7.460540752232158,10.667650608188422,9.259463856912628,7.426188748147163
12.052763658350358,6.202333950314872,7.525457923617392,-7.70061446989584,5.272611480983881
9.711630375940464,6.71772076629711,8.224208518482257,7.843009066978249,6.033551231826915
10.644924528723646,6.188811131329143,6.177733887289177,-7.100731264993137,-0.8010124200581455
10.51869891384258,9.4940557157429,8.859970133975281,10.069227331731062,6.548886444832728
7.518486412488916,4.790056708025196,6.255308887396055,-10.8354723081398,-0.9546172719100584
9.014313011832725,5.3928313402112655,7.885796618195375,-8.526044588678264,-0.6582681668453483
9.668595885918778,9.05138073014598,6.992615225141218,-7.704384983780296,-3.39786343565672
11.024601991916338,8.950977130560785,11.879828491138085,10.515061719281892,6.409025656103092
8.107547942673198,5.113258317649547,6.52414478621294,6.218769933391576,4.420221626363052
9.950601374417598,5.039213820972403,7.520774623792924,-8.449246019413627,1.2483125098003085
8.799956683697637,5.352169502550436,8.20456096872716,7.301813629445682,3.92860380369038
8.457854425987202,5.732770697807252,8.457347167173184,7.9240505275512705,5.981250739230614
8.09333353559729,4.836332945966074,9.141835196001388,7.398446577101223,4.065898356305572
9.43970663543078,5.77287213633121,6.793860321352934,-7.660134752726008,0.1985860586481498
10.048339568493915,7.383528639508621,9.935020461198944,8.885783320835992,5.944437082490611
9.711113996048107,6.574603875197519,6.0014886185678336,-9.416941357058665,-3.8585945104528574
8.344046708342296,5.732564233469771,8.755040707667352,-6.708323700120929,0.1015805262122864
9.023118877984237,4.006657104490975,5.316934382477802,-8.293508449173395,0.7904539421543246
10.08347436092065,5.860534378080826,6.317516410042268,-3.907561061258235,-3.503477921035428
10.42960262625707,9.027592190718524,11.67005063051018,10.009237676092336,6.634875108333899
8.418186018603093,5.308058726186758,5.294733796702103,-9.192995011848405,0.6110425697221222
8.309569399461875,7.0475347227754765,8.830069515270633,8.4947416634049,4.492903592793569
10.149475896725622,5.9889167977687485,8.605772064212555,9.182639677695288,4.095160728595913
10.253676230314484,6.991157858592114,3.979967811383729,-7.946756366640972,1.3421618984398505
9.477655010731796,6.816682204378333,10.844436977153936,8.89285287984829,5.353795848340708
10.443387565472138,7.194512595681343,5.101434778485788,-2.45535696843616,-0.3285634058772332
9.22327719594805,5.163243031999043,6.1345329784074085,-6.731797722222136,-0.918224576470475
7.615270257436051,3.690543609374835,6.359946025135471,-7.215237691184123,-4.206574859829964
7.781037459522087,3.3069859505070527,2.4451928109495724,-8.044873774179122,-2.151515465659504
9.01273994093826,3.938043975984961,7.792120738492231,-7.018157921502792,-5.176366727455893
8.065694579096723,3.720533033237392,4.532183895557727,-12.999125280207585,0.0753194083243484
9.48055899651156,4.829737873257356,5.864042844905861,-4.8038841216451,-0.5087075382321478
9.402750063515374,1.0534012069723948,6.271967692220236,-11.713667022691176,-2.9596693101997955
8.225265647342315,2.0125261912019328,3.831049752352043,-10.29804683478786,-3.2943187648149643
9.28271757109999,5.634825329889302,6.891701270101994,-8.32372777020564,-1.494346428544196
8.757655233401312,5.315766289315372,3.579296905089853,-7.086565603819014,-0.831430555888791
8.902009382044715,3.443164024831717,4.279486802110258,-5.984266990386789,-2.5484864226093986
9.557334392776411,8.990252353303324,10.524893788145064,10.358378255944167,5.934408279983475
7.119260425494655,2.340381730790382,2.6677867780342885,-12.095023726533622,-1.1731641558150772
8.786490019694316,7.682855768345007,9.874215178789957,9.011435486234406,4.874521499799291
7.977749840399423,7.037137253326008,9.355282652429022,7.872832418175227,5.569723913574637
9.209788469795706,5.744023386889803,2.197088648054687,-6.812806724876817,-1.2397245451434027
7.902038879851013,6.954595242337356,7.763438099846411,7.554779967622962,4.137293025479555
10.85813954195586,7.55271724340294,6.633163333757339,-5.94134049137438,-1.3702607103096358
8.525379526746296,7.316912137675215,8.228371649925322,7.9641495766206365,6.352285515601804
9.858544505894049,9.756256011525238,7.272010889812979,-5.987383030123905,1.7817065861684944
9.225665553289476,4.099304757539077,5.127652268689809,-11.184374568173537,0.153278948494872
9.280382522988054,5.43180847817259,1.3783887498763372,-5.634318829244466,0.3161781687725289
10.107620606104089,7.212596837449349,11.442085598698895,8.762146849506697,5.278605009286996
9.267138614365743,4.279390728242597,4.602530754349582,-6.645826156079868,-1.8596289797338303
8.802121404099593,7.729915402860553,9.385830655785544,7.998478543080727,5.391012580488644
9.077896583558925,6.487889631223055,8.871084658532407,8.972850773139402,5.767060069164019
9.528694791436282,6.12287947999749,3.354832307960299,-2.6141626838374306,2.3977185255219946
8.072667309292736,6.654507091106591,9.54243558955565,7.564917555198921,4.396073450747352
8.416726509208617,6.318320443533184,2.2823640598303743,-9.689301355397074,-4.646654478960701
8.708216327079603,7.252888715511053,9.124901672366196,8.317600127951442,4.935720115308429
7.779730326387018,5.8392797020576825,9.47859750224478,7.955015694138637,4.130689686508561
8.797452480089689,5.878927281622446,6.194237477519987,-10.70764436460298,1.5384008156477271
10.629630681322128,6.882527763052967,5.51789476831565,-6.286472533653781,2.6041910934388737
9.309053417286291,4.1658439689354605,6.081315799999743,-10.075739310526288,-0.9383882794409332
9.314370827546696,4.577932034660584,1.0679154796937054,-5.919393534188095,-2.3373944825507778
9.023921833615717,4.907082304162726,0.5324654059713367,-8.172135043137988,-4.172752408123598
8.848432796793487,7.866576208891304,7.1614385529458335,8.849801405450082,4.210840390263277
7.214924019934368,3.899296881781221,3.595943780124682,-6.492504210504288,-1.4985649068046851
8.027821858098596,6.239165248235824,8.277005690946345,7.758477020743341,4.66600496607689
8.312224165773326,5.312221743113564,4.393545074055319,-9.32174476934273,-0.4680086430075316
10.26309393829744,4.210793219408272,8.037359495023273,-5.394327399064423,-3.964689824964934
9.643983152019109,5.951381403686556,4.409487598847495,-7.759881870314251,-1.9469791264169167
9.60408657620673,8.047553744256106,11.103717684372109,9.656397903676922,5.9400579709642205
8.81636655538007,6.763574155549636,9.931526859605867,8.205086783180358,6.264143304081686
8.710716222570989,7.4037507041571855,6.948909743287052,-8.175062161997753,2.826830350948329
9.743144287457024,7.614728107508154,11.442108421159729,9.346905457606844,6.004938517613307
9.758529599359282,8.329039257386565,10.168203446568675,8.788883632693484,6.443599538103888
11.909348027429932,9.21639781079337,10.494918935081143,10.968761178440538,8.071622015801772
9.408820977615374,7.7293126078054355,9.719814794339811,8.07281198943411,5.782888319909652
8.26542604355596,6.216704890262035,8.203528725993216,7.345930520041367,4.304206168966309
8.7291492850853,6.801922563434581,8.815665819866554,7.401602346945746,3.201411595113436
8.333218763396182,6.934106890629387,8.122700941225059,7.834930768335881,4.626583687306191
8.656492556958261,5.787284304049699,8.662082688798499,7.945161750236286,4.449529591473654
10.465712092026775,8.341737067310756,11.536792681270716,9.42414185367996,7.597374554327669
8.70873318576519,6.764040071084404,9.980553161902463,7.928294285821072,5.449439443275123
8.383140186936513,5.8669658240216,7.060147564774985,9.016011303899472,4.944246227343374
9.23624550489775,6.0091894433487605,6.1051597518385154,-7.320758369950059,4.716754358020531
7.116014525230287,5.998174884642409,7.637972756691937,6.9194130960209455,2.87195431862579
10.054116018389628,7.457003438717612,10.342794115755549,8.944423669808177,5.078696996581589
8.468745994590048,7.374220718944249,9.582212542228664,8.333790968119951,5.27727357322838
6.992226505593177,5.0358830189111,7.768502598271511,6.650034643451759,4.225122241328208
7.319533573355385,6.931205194069823,10.356546829861834,9.055945562486738,5.984901824097479
9.94836187035274,8.282790587936514,9.42787549621074,9.236468224776637,5.267831423138533
10.12505366839083,5.496722215156447,7.052537062159533,-5.379189092312977,-0.1869338295688011
9.480526524577035,7.964508469343283,11.144889025911532,8.95043769971287,5.930799036886968
7.9478067152118,7.408903845239205,9.652044213344562,9.397432576017628,6.597119673799878
6.674126703574055,5.646551321844234,8.504202246498654,6.812906110770161,4.543646093460235
10.219751763185927,7.880366289581794,11.072481982257116,9.298489931706222,6.146932780088925
8.987192739626149,4.509141293912625,5.233081366470788,-6.000880073203647,-3.385217069496154
7.25372407541482,6.909700802604473,8.558931676694133,7.032775520384169,3.440264297342816
10.0136069550419,4.845529295694937,4.388761570132907,-6.869621750154337,-0.901832044760018
9.337293852896911,7.459846368562289,7.584843687455028,7.71949336226105,4.347157125838235
9.116032158045428,5.16027619674241,7.690295035492104,-10.955002561945014,1.2509031569427207
9.70398197590765,4.556639690224998,6.975638140510019,-6.673478414624835,-0.9126981330233715
8.054869796196789,6.9217285482312425,9.563798983015324,7.693222635641395,4.396425815196279
9.819165524491806,9.40323588684602,2.857299978510999,-5.737298546669868,3.5545487140865903
9.339874305127026,4.451708744926308,5.9196670764849895,-7.114187228648592,-2.253811323718703
8.295381015339773,6.686536193375455,7.640070024953862,8.093016217982324,5.598397928701008
9.275371874775203,7.788445673833222,9.406930568929251,8.187945294523892,5.756257895343785
9.162324998303124,3.790935506967485,6.5793046850128825,-4.218500109049533,-2.7587456170732514
8.953917011449201,3.800594803650299,5.201047679044761,-10.559150120128386,-0.9808390291849364
10.50431519330631,4.421343852742873,5.814527924519382,-7.936325634797901,-1.6750893671778422
9.794491647275402,8.176903305204613,11.103335302818945,9.22130027189804,5.959646549651782
8.164039811608527,6.507651414545978,9.954147912425718,7.951149875247007,5.248276154402082
8.642605922413706,6.747976172627961,10.072936612631894,8.78661978053276,5.596632057091556
9.985949870289565,8.359562233390404,9.178045732992292,8.914572036368428,5.521035026441004
10.26174790794175,3.718383048025327,5.518062554006029,-7.88756143898161,-2.625831839069717
8.153872032536338,5.090285159199562,6.219727345963152,-10.718491802499038,-4.258573890188716
9.095085937758382,6.06401379840797,3.812426528860244,-8.10565601576661,1.3745842474865675
11.8429842396205,6.195923007243789,8.59662625956654,-7.978138158606043,3.9914105642430022
9.52841740864844,5.754466053575,9.11676206783052,-7.080303845808606,-3.757414092331193
9.018245647931424,4.314369181730265,5.26689879725493,-5.329530485776955,-1.3289821408634712
9.174571389848776,6.90924704314677,9.868189912574804,9.49241448963286,4.623280561516857
7.012454254964038,6.553538547527575,7.260253883143228,7.765854591075024,4.062417228738753
9.84417696050554,7.130412773413649,8.10077904501152,-9.605343967592235,-1.425564767932667
10.473481324496914,8.144443296491973,10.23149664193005,9.736842653288074,6.130369463523139
9.745008352938624,5.5221151880778026,6.659706846351712,-9.80534025093957,3.1288960458368225
7.243702312385434,7.002868734915086,8.46131377418118,7.185679701287006,4.942206206559583
8.488587014873655,6.252044798102558,8.969651700780583,8.969632141492855,5.067575952092215
8.310445615527382,3.931360374497031,5.580643863116563,-9.542448035357603,-4.252734078318212
9.023092648262477,7.113036833678449,9.096376854634904,8.8327566249715,4.021714101694155
10.789208237927255,7.65632862572781,9.276167876960402,10.44194328847721,6.439548775914011
9.566785028349566,8.256956790169754,10.524874665085312,9.957120785201326,8.875495648977077
9.499510803253898,9.7705783611991,10.933201133260518,8.535197640262503,7.787687255074048
8.017227148732157,6.281483954202884,8.581856035165554,7.496091766663797,4.441080669935714
8.652564351495927,4.806570407286816,7.695531166616444,-6.993551375657383,-4.18305436869441
10.12842155805406,4.948717206741216,6.428438541185403,-5.86633103607764,3.200237855105436
9.376402438794628,6.88489028918138,3.675625790321595,-6.402201187831316,1.7349221445631176
8.900253238598513,7.459334271038458,9.121127775379057,8.306089134093867,5.357542527189061
10.46875067406162,5.35364975718313,6.921961670275251,-7.095221668101423,-0.5346829453746409
8.715092560991053,8.142196861306052,4.910424338714943,-5.428437582351259,0.1830614950792721
10.15409331395908,4.288853189290369,4.718023850534121,-3.234727928888275,-0.2939082308396403
8.735810312054195,4.32057755703197,6.159132245712662,-4.901252054244068,-0.445321796816998
7.265789321283685,5.942885717809562,10.64293695174964,6.80306912842625,6.779429561569506
10.158209512674134,5.93378917379473,5.097555081417638,-6.720951870816372,-4.497557670760924
8.833727038083474,6.834678979807912,5.921229653872048,-4.366630888413207,-1.2294946830231517
8.779775226824157,7.2506865706159775,9.676088173125317,8.343268103136364,6.007069898502438
8.53657612354332,4.889072323290072,9.86788874068582,7.613159553583036,5.509215383296214
8.836918103868483,8.801052344353074,11.196466465267855,8.709136592298586,8.990171947971024
7.653848877010292,7.021235910304733,9.041901637641216,7.84922962189386,5.756554445528561
9.722626791381408,8.182647232736866,9.582606056383876,9.193422860803636,6.169497735831347
9.17144636021986,4.2811028570121055,6.713212429638165,-6.072183608017491,-3.527792765620198
10.027133939365854,9.318970485177214,11.824182200841474,10.186462755333029,6.382913980190314
9.893597268888492,5.665948449007738,6.707933494403897,-4.123521183688448,-0.9331289634952024
9.15667309435536,3.681052106034256,6.145978609460348,-7.123160340627248,-2.3357222383423624
10.024041221915592,2.8230690005641885,5.5204559617872295,-6.616018427503148,-0.1491440449850032
11.219837512479565,5.399626709353494,5.206117707257427,-4.726211149153245,3.5655425237754645
8.161331837422807,5.502276396541119,7.171536561535335,-9.796098855715694,-4.4734724767963705
10.627398132899591,5.371186546974971,7.625496260524429,-6.396892038822019,1.7963344585029968
10.00025510933402,6.924996793465198,2.4863541459256964,-5.838505988324266,3.749932166166345
7.356291015199654,5.825939254516797,9.017685299772122,7.718655572368247,3.925231670490673
10.521315043947164,6.590675116322914,5.104128735360588,-10.236065839181308,-0.4513249761426973
9.895178026675287,3.363136609711698,3.669022626394944,-7.558522411286604,-1.0163942635350358
8.852736438103802,1.1506059229846937,6.137641080311005,-9.346492467395697,2.577787628133636
9.316678857764192,6.670654569744816,7.777783542976837,8.369188564381508,5.237626881259488
12.250168953340712,4.672160726880679,5.963983621823796,-6.645213802253432,1.5086906458755514
7.113442140194494,5.81818229642995,7.811504323571388,6.088810053116664,4.757419210284222
8.351719009478161,6.441622576674853,9.0127086457691,7.708088005961355,4.590292265453263
8.663048211533042,4.287159026645868,5.036673131173648,-7.836214835552035,-1.555193231178078
10.18628040654029,5.887255150092572,4.8213513606425495,-8.903167367633511,-4.118284131106598
8.739737245180738,6.325920694217984,9.68786964266496,7.567684897582074,5.102387013633126
9.213653011143023,6.715546708532738,10.393900668898349,8.164627234546453,4.930455387352972
9.305740112618295,5.769162368912305,11.36154402277643,8.578179331944884,5.945274733684289
9.299997056485054,8.430773617612273,10.228629620961922,9.432822430556907,7.586947597519361
9.778594223722727,3.618786732464768,4.731516613936686,-5.489765116670717,4.077659695094968
8.842942001562063,5.470772623731281,5.467530370390424,-4.324467349139508,-3.5169781432849847
9.791771500134551,6.006092372914462,3.654673693077728,-6.319941510766975,-0.8949330103586731
8.17029849993416,3.9241054652961935,5.678105680441768,-9.17833855788865,1.197498546981691
8.706705285425427,6.875239605413186,7.731820919503518,7.78380512458152,5.084786606425531
8.726369003705003,6.447900799292996,8.790641392255383,8.080621301220697,4.467202420786744
8.54591507325146,4.993778836405339,4.322496720295062,-8.990594040033857,-1.4815140192528282
9.196899063565963,6.29672324495343,5.048920340634387,-8.013491324944516,-3.2089227971928698
9.861035599698935,8.06172867614585,9.432903862943768,9.813061881349642,5.884733652483401
8.228750518631923,6.121640995970532,7.470759705974959,6.842364552635063,4.355414571215143
8.999113911084937,5.677617358020021,7.7850037026479715,7.98186036976427,5.22047999472503
10.394646608393083,6.564777400749513,6.906297325818479,-5.629375176445052,-0.8193069196419571
10.83831935283515,9.282654096657234,12.919624595914822,10.321258017765162,7.615470053971174
8.427137312232077,5.606816879946159,6.128366403839939,-4.609074176785098,-1.6822627539536303
7.70153879898713,6.778190853452864,9.97553086216368,-5.938304742313007,1.7395286678213742
8.36999673481048,6.175240637732262,10.860759524063305,8.53802672547358,5.816345246426442
8.173907210990842,4.060296357118076,6.647116598220653,-5.873457125583435,-0.8905916339523235
8.99732240720131,4.062424234684764,8.300599357754184,-7.368696038412783,-3.238667409866381
7.333354639938157,4.709821170303095,7.015838116588737,7.334673382140474,3.192300593837126
7.6843182188365455,3.735300287864722,3.2376705974271225,-11.124281529911944,-1.658230405723693
8.721853920741651,9.171058635928327,8.899068699368367,8.87067477667531,5.469563158801402
10.613510835363115,10.362145160163909,12.534493770815926,11.055364114236466,8.223674139624647
10.592564151935676,9.346115800188263,10.638263554494984,8.504396613999992,7.909049229496995
9.416295938212398,6.524643703894068,5.059323675780648,-5.732288181789302,3.781110953810626
9.99687439783443,7.965227441106016,10.382339486329942,9.14819560655189,7.372646198959318
9.05528727057981,8.334584445954727,10.95279815397718,9.701668180305958,6.470698271773575
8.785499317785069,6.921321321056178,8.026910236121058,9.111430501376402,4.646171173002981
9.005451128253785,6.100471464311324,9.309589784026508,7.473206886775959,6.279624481691792
10.823821416045842,6.870737005427607,9.604841038033982,-8.298145113081487,-1.2394648200940896
10.327515070370453,5.629315253290836,5.593364948723439,-5.90514780599316,-1.848677764989711
10.509802440485284,5.477521478093683,5.610701649907951,-7.139364333392037,-2.7668034883922275
10.616836496849306,9.170363702471976,12.728012460056869,10.464086660401716,8.269156027964376
9.443717964027076,4.183116056258946,5.301823657088533,-8.295437525834954,-2.7232793364395262
11.109487183681503,8.424037050163363,11.646984758664525,9.570275444738696,8.309407959403911
8.853801138394902,5.777426429715006,8.59425817960994,7.216981659616037,4.719713466087187
7.226724298566818,5.186989716903929,7.173791356354675,7.012486590074517,2.988264392420277
10.224011205096382,5.2387879293480175,6.937689934529465,-9.122251414099392,-3.0700390713318364
9.535297189126313,7.060307902082764,4.750598838536485,-7.6341882486598625,1.5698501362295132
8.766358119148045,5.715208466908231,6.613104447702018,-9.542115569398998,-2.138596953027602
9.73050658757061,8.141893087845409,9.757395751083632,9.589124043635394,6.8922164006910105
7.582147949592388,6.565930487562698,9.352456706568436,7.980699226350127,3.620731495103821
9.766777931325027,6.385569956852533,6.590973245153142,-9.763911274009429,-0.541958742878991
8.921750824510681,4.768385031247161,3.5600396935911025,-6.492603449569605,-1.4367428767411654
10.22793393070834,5.876244327823385,5.416640807819643,-4.640820103266083,-1.8180203735392049
8.75588453879886,1.977748440721236,2.9492286644380985,-5.737394300474433,-0.0461205511642324
8.481723008763327,6.03966927839156,8.644070698085796,8.119818389838617,5.024353578928328
10.067215961366884,4.419493445034622,4.22366713102922,-8.482235225175637,2.171148603494833
9.03073315717706,3.1838026922592646,3.340244001676877,-5.362665340182202,-0.539967069449363
8.384863040753881,7.425597457876303,10.314434669256826,8.230287467920407,4.765672911940504
8.82279793191389,6.686398839050531,4.038213736035937,-7.804931547457633,-2.0383010702469457
7.2709016594407165,6.759679203148957,8.878595122642217,7.431341690270844,6.212280908736573
9.06264555767819,6.502322807978927,9.20822979964194,7.3915302017032225,5.349041673812283
7.221834932591703,7.311787745501852,8.860799981972713,7.715142272696385,4.456804716261511
9.563065441693707,5.097425463282559,6.187910080917282,-9.145298228943316,0.7528913762774312
9.069219093727137,4.1942394943383405,6.102523718730414,-5.2964865023381,-1.49095630357646
8.460253372515007,1.4977030202814523,6.917637177209296,-7.092697737121888,-3.160658462344959
8.208760282741896,2.818515604645949,7.191712144715321,-8.030252579908677,-1.5251551238090884
9.540402733459045,6.286284329281255,8.866817372041204,-7.0848497184865735,1.4272629432825936
10.381255530874888,5.977203983071907,4.642003869178945,-5.089912519347424,-0.1085149535802827
9.942348025647068,5.341951321244463,7.45051605601189,-6.335666932269,-0.6400931428246488
8.364865319536582,4.421563333518246,5.356064848519962,-10.253017196321384,-1.4106070527523864
8.261821859933534,6.400171140375623,7.368781434943637,6.954751131350252,3.3296117584612013
7.499469256355036,6.698500926719501,10.648659725898046,7.7574227229356225,5.352398453659257
9.911372331681712,5.679677301811905,6.342334289719438,-7.079284434086122,1.4653861059353086
8.826229655338457,2.6720269922944992,3.841689029340544,-9.269331843990903,-2.047221478893811
10.856140670394268,5.858842392368567,7.140832759479743,-6.375657422518553,-0.5277718329905317
9.890447056556862,3.388736150965702,5.593345012151349,-7.145121904325576,-0.8892884361251101
7.155532956225918,6.858488088612888,8.589232750832384,7.892772005433474,5.013716993912082
8.055772129539287,7.127607338228798,8.884451888979404,7.935351119845539,5.426214847226195
10.34346746808823,6.329201778632736,8.424770273173152,-3.510621304778303,1.128296827159187
8.503534234927107,4.08105752813388,5.368932578214169,-7.564820575470372,-4.461678279179145
9.367300723253653,7.13076749677866,10.970744120273617,8.524600505610735,5.028718462842667
8.096350939891654,6.438583578855653,10.43029474618832,6.561290849450907,3.368495184785263
8.147463357966158,8.451183202023657,9.52565780668023,8.99048382652424,4.220730349494675
6.982925399401845,4.2433167824966604,2.34903819465634,-8.575636648055667,0.3502986857997994
9.835939876066051,8.64567092969891,11.691394627573064,9.77833721744997,7.409369297632202
7.510990910913559,7.18212966198681,9.231762043371818,7.920596391152358,5.776798451200905
8.742074947406262,7.543506360601914,9.795759849296134,8.581931848419794,6.123200360308955
9.144433688567704,8.241624937127446,9.982470353175318,8.625282248230416,5.568656010780742
8.873160298069177,6.59835054308104,9.68476457539333,8.6736557956089,6.072147672216143
11.105054496446552,5.6272201139054845,7.451658042567647,-6.150660469614637,-0.96605631676886
9.447689044659835,4.523132876423885,7.73696659751211,-7.6299935145292705,-2.4746417347585967
9.335192708590014,7.673292526852816,10.3066171995087,8.125207742200756,5.462174264565051
9.671753437454612,9.883745996298384,9.65049721766824,9.524804458596616,6.8867560442252
9.346368378601202,3.1014332490448795,4.946824712536791,-3.663335400641018,-1.3558442278714922
11.639740614014404,5.642170308394352,7.531688738813203,-5.728063762816345,0.240321751432915
11.236621043791663,6.668752428330544,6.781097384476087,-7.198416512362594,-0.3221327548086932
9.532075355881414,3.880127666173211,5.865869745506876,-8.043396970479918,0.6345663851384782
9.301973011334123,5.223019980843694,7.565021954285935,-12.153648225121852,0.0048702733286335
9.676242839488127,5.210869130017584,8.066571013143019,-8.153505077463288,2.315067739764066
8.273768302105847,6.590325247243922,8.147268646635414,6.644371852720169,4.201350515501943
9.530595136282493,6.157467168812991,9.292990666562098,7.910477083994094,5.980772872892925
8.361604284304777,5.975847011339581,8.081385586187778,7.913920878005481,6.744693842727829
10.598065379447716,6.695752206325615,6.783315859759135,-7.259584246184053,0.2075003651779117
9.02861060207074,5.389298239701848,8.773532976395064,9.358202107778318,5.118394068855906
10.240560906646284,4.1446736243445566,7.011689712435297,-4.3216126618793975,2.251545173703805
7.540887520524096,4.838747173224811,6.311863136709243,-7.571677333471605,-4.015322647206874
9.57736060866712,7.187600882543143,1.9419977582132604,-5.712387395413615,0.2337397035753261
8.009517311952889,3.29883948612466,4.599948647995423,-6.087929778241637,-2.2684602253568364
9.961013641806147,6.412630261221679,5.153158369973847,-6.2585816515893775,-1.2940596488249418
10.308527165183644,9.615100333157557,10.077532876894404,10.510361361076862,6.461521508862774
7.398383203303037,5.942616754391174,1.9989022635386495,-8.443868311726458,-2.065576793905988
11.605591413925277,5.907707942893343,5.57327700613264,-7.625940130788231,-2.8376913753650657
9.15746902375348,3.3733483314283133,4.521795899347863,-6.572521866510636,-4.650189374108331
8.01593119840786,4.59187590964487,5.006723059291863,-6.596548831545827,-3.1043512828673143
7.543502240293385,5.254719314117585,3.301698564048426,-10.335256303649556,-0.5726812772968397
8.454917092820901,5.188005259437271,5.768099562068678,-2.8612283311578066,-0.074815454087685
6.8714114858592295,4.731159880191184,5.317682840336166,-6.672609454221108,0.2235761478159421
10.444694489564888,9.83522756065822,10.139409737927384,9.987945805747197,7.88560926676544
10.641699066980426,4.250837932934291,7.180970695722101,-10.019181193683757,0.9057258504531452
9.326014000395034,8.934896354406757,10.204436715239474,9.051399038767869,5.736035841480355
9.254307873203224,6.096027114362494,9.188886780106198,8.698908859496683,5.740571733905701
8.226293790269926,8.75490786983115,8.4535922815859,7.939688116987364,6.260457352135214
9.809879095983712,3.663863994789312,3.53748094721107,-9.422304770450436,-1.8482454842027207
8.707478041516138,4.73016570729545,6.348932790780824,-7.265230091401504,0.3109389364868156
8.322363543316662,6.867232795295227,8.192175405224347,8.203609879436287,4.728789268789829
9.043125869439423,3.9375002845994302,8.755221191160942,-8.965981184414172,-2.9270508971880838
10.298942286713116,4.634242672420341,3.552023925317823,-5.829333109977751,-0.2023418756094676
8.956484120138658,6.110369668011165,5.789286762421576,-9.842939154491326,2.477501493924284
9.829051627437174,3.834336128507658,3.964232887311836,-5.260655757301166,-2.1775991494977704
8.026479143426936,7.615129720696631,8.923340314163239,8.75293859266884,5.055358793769953
10.18243682169915,6.126655927410438,7.578042836400699,-3.564483504366573,-2.945527445895083
7.547231287401591,4.969589188484829,7.44111334865236,7.685283994591554,5.419685813290816
9.375656838112674,5.076311530620716,4.998114320181555,-8.340533582984333,-4.314803727471855
8.921072608490705,5.75565256030595,4.956242838506006,-9.29331797649724,-4.113517317937122
7.813539422518294,6.0277084835471255,10.36504976185034,6.493991504011342,5.608186428191556
11.144263610905266,8.199857674276439,12.595281966981696,10.987098628139035,7.440423124834646
8.04969788662848,6.63385672247439,9.718666356644428,8.146012827518996,4.100278749893612
9.309707997163098,6.862646167627927,9.759216615281112,8.702219319359966,6.570092562084447
9.544727585138649,7.791293250836448,9.740413401014091,9.835912283302877,6.681999733444539
9.688753030170604,4.9035284444667,6.828842528858741,-6.178440554820041,1.0714439949510046
9.824015601823548,7.665069770986716,9.631200021033548,9.931409771455892,6.747999862000055
7.841577630388222,4.864968117202523,5.095790507093717,-7.990353675735514,-0.8752244812721609
7.448674720024949,5.00106270960767,5.688798509022856,-7.816419593670223,-2.0122904396080035
9.671644469828102,6.95762770515627,9.574761741091637,8.282835051491512,7.502297420012435
7.561119480246949,6.099997423381072,7.169060480147056,7.271923543181915,3.884807397295135
8.806057072518405,6.6849832144864285,9.86876677303827,8.791710971828708,7.727210545501606
11.34992637047448,8.777365680875093,12.10370798240182,10.37302195477856,7.2511487889153265
11.205945607541546,8.457399519957995,11.18115354494778,10.058240990184704,7.438365834856917
10.758151640758896,5.409064382511044,4.417282107897656,-9.702326480253587,-0.7969264036388157
9.401303984027251,3.946955439647663,4.810812576252372,-7.499978591581282,3.304908203308317
7.907323882489527,3.630365962378357,3.4320258081613115,-8.883327577465884,-6.592145081858438
7.620632664169944,6.90983749836847,9.594678322370338,7.917227620745082,4.154117745233233
8.32966293138382,5.671682006222013,8.216023637993105,6.93602979208488,5.361578109315825
6.201209131627829,5.932020629222457,9.113146016391394,6.770177408547918,3.511502153941389
7.455017625031513,4.777009029581532,8.782778586896637,6.777569005102048,4.933811891504802
8.9618718996036,8.758305365044526,8.253017555043094,8.891665607293065,4.345688448135567
10.348306370352766,9.038049188597013,10.514876067011816,9.91881218636149,7.282649620720939
8.268341530630648,6.308885950542695,8.916687831233723,8.31118588807789,5.816123093865508
9.24836780958872,5.827028253721394,9.356066416683078,-4.214730306572733,-1.5322240988883788
9.220751681341875,2.237729306735431,4.644378320448281,-11.524075414538324,-2.392192215286906
8.396308552863156,3.514602052695232,5.967979752671184,-5.773399735806782,-0.0708562167495059
7.46409982330792,5.358479441749171,4.910110246483108,-7.84211536583195,-2.253905115060976
9.536631786920497,7.879236924506989,9.736892162269491,8.60486536838365,5.4628264785345335
9.53086714068592,6.484308343162848,8.630259438902831,-5.78089311884222,-3.256495308706988
9.762878915023116,9.13998750667488,9.76520848247246,10.448275073238056,4.648131830379069
6.800092475867709,5.573352072512232,7.563950363762993,6.90787369994881,5.502598974124911
9.188426663583584,4.475708953873028,7.3484939128883715,-7.456075780433605,-3.0808547220208893
9.222436846562951,6.935704473653747,9.747181107567052,8.837880389350255,5.998775056865359
9.103307617567276,7.896506483009282,9.15591331099708,8.324917411628205,5.707815853830159
9.191520202609215,7.520699253531235,10.555067100522429,8.249646351552034,4.409265796508144
7.263465942322046,5.120639125038505,6.858758518972659,7.463030302361685,2.4637631550195582
8.700235398032437,6.877442479891225,8.73578523584945,7.981599891156978,4.082164627154174
10.7103646360934,8.375950919723994,10.250685566446233,10.802458755510376,6.819444189171538
10.100583992730972,5.051198378004967,2.354494329161225,-7.18961190515546,0.0799816085395874
9.285293493624328,6.902345778117073,2.8551494435926634,-6.545374057212952,0.3057902251783595
9.162404874858591,7.116357247650283,9.48105451439149,8.696752826245094,5.9335266526447725
9.10529525879045,8.431805444321286,12.176164314108007,9.77293347487702,7.106371489362427
10.669494677016012,6.399418973944179,4.591310351792237,-9.328084830840542,-0.8786406635931683
8.157767323798133,6.095154597690209,8.937134885722942,7.797548765900771,6.0098450862657335
8.128433621118845,5.855867089018767,9.018998653950783,7.379030838365324,3.9739310585382506
8.47993627635709,7.705471154624192,8.834649321793151,8.306141557763157,5.960546794620468
7.920742364843575,5.024064761276209,7.553786112037433,7.25104654927795,3.604807142382648
8.74874333624466,5.119551248644413,3.3007697739627924,-5.418466325790751,-2.811055555623632
10.097953517286571,5.377134601388039,6.411505400245375,-9.721427342569172,0.1624004991452827
9.568125226081868,6.414697404604701,3.013490031887604,-6.38742422186915,-0.0803812834561299
8.576844469860253,3.117025077463065,4.629314812500319,-7.034491434612647,-2.236767806424813
9.329293214913728,7.460733613155812,10.422790779159724,7.988813456616508,5.955069508675469
8.21780375124595,7.100211954059689,7.335577677793614,8.221138589642223,5.235767973391985
10.028130329188686,4.046782553800021,6.889254902957843,-11.40240785559056,1.3449439305563016
9.197283979660376,7.591737748510595,8.580876235269614,7.352103006911852,5.19705778876091
10.685205548728204,7.891000841223483,12.857150342872028,10.415991392890335,7.252198442723161
9.255738442809676,4.1096790224646735,6.149602831009072,-8.096307016728288,-2.5715960913892646
8.888168266861117,5.8604655185962375,9.737063661799398,8.020566651788139,6.372649078482519
8.903759042208055,2.17449251527583,4.858762462809071,-10.279264987191045,-1.0866745905426003
8.66441939414458,5.26041592172817,9.18015703743582,7.386930441259691,3.9186686925452583
8.166771940431868,7.838048528234613,8.841927360025654,8.474700266786357,5.358493085724487
